{
    "epoch": 29,
    "train_losses": [
        0.0009127799337689025,
        0.00011202108216084919,
        7.668984921407986e-05,
        5.491862789370192e-05,
        3.942825698875742e-05,
        3.1576062436246817e-05,
        2.5043781725081853e-05,
        1.9804652773063643e-05,
        1.7672797610528453e-05,
        1.537531485955507e-05,
        1.362651919294699e-05,
        1.2981137109188483e-05,
        1.0908481449120893e-05,
        1.0198025485388769e-05,
        1.1806821557879388e-05,
        9.468030238696353e-06,
        5.59731135260791e-06,
        5.748844841336171e-06,
        5.612468897527347e-06,
        5.4761446265826094e-06,
        5.351476287769856e-06,
        5.353317370350395e-06,
        5.281484703600283e-06,
        5.393299701239802e-06,
        5.231258539316809e-06,
        4.273521565308765e-06,
        4.318873106563252e-06,
        4.293395528783917e-06,
        4.288889088414255e-06
    ],
    "val_losses": [
        0.0016300730037108492,
        0.002111669174805127,
        0.0008746649145729615,
        0.011634547066344475,
        0.0007432725567223113,
        0.004458741649937152,
        0.0020948849101583454,
        0.0023245465414256775,
        0.0018843640320581553,
        0.0002175198379991545,
        0.0022225470138821342,
        0.00022651354050857186,
        0.0008253741334660419,
        0.0006986420160090636,
        0.0006883240312024907,
        0.0010075135040008398,
        0.00011815519979469198,
        0.0005567003060726295,
        9.532836982990748e-05,
        0.00024673977693071464,
        0.0007314102149782868,
        0.00022950377038900922,
        0.00018038778107452538,
        0.0003188619756863599,
        0.0005683684735791399,
        0.0005597617596607207,
        0.0002690987527971785,
        0.00038471378447032975,
        0.0004297668422509885
    ],
    "best_val_loss": 9.532836982990748e-05
}